{
  "ap_positions": [
    [
      9.996357811314402,
      2.3335890734340348
    ],
    [
      16.400000000000002,
      13.75
    ],
    [
      2.7,
      14.600000000000001
    ]
  ],
  "count": 3,
  "optimized": true,
  "optimization_stats": {
    "min_rssi": -87.71719275251195,
    "iterations": 7,
    "converged": false
  }
}